<?xml version="1.0" encoding="utf-8"?>
<odoo>
    <record id="ir_cron_assign_giftcards" model="ir.cron">
        <field name="name">Assign Giftcards</field>
        <field name="model_id" ref="model_res_partner" />
        <field name="state">code</field>
        <field name="code">model._cron_assign_giftcard()</field>
        <field name="user_id" ref="base.user_admin" />
        <field name="interval_number">1</field>
        <field name="interval_type">days</field>
        <field name="numbercall">-1</field>
    </record>

    <record id="ir_cron_assign_birthday_coupons" model="ir.cron">
        <field name="name">Assign Birthday Coupons</field>
        <field name="model_id" ref="model_res_partner" />
        <field name="state">code</field>
        <field name="code">model._cron_assign_birthday_coupons()</field>
        <field name="user_id" ref="base.user_admin" />
        <field name="interval_number">1</field>
        <field name="interval_type">days</field>
        <field name="numbercall">-1</field>
    </record>
</odoo>