<?xml version="1.0" encoding="UTF-8"?>
<templates id="template" xml:space="preserve">

    <t t-inherit="point_of_sale.PartnerDetailsEdit" t-inherit-mode="extension">
        <xpath expr="//div[@class='container']/div[2]" position="inside">
            <div class="partner-detail col">                                                           
                <label class="form-label label" for="referral_customer">Select Referal Customer</label>                   
                <select class="detail form-select" id="referral_customer" name="referral_customer" t-model="changes.referral_customer" t-att="{'disabled': isFieldCommercialAndPartnerIsChild('state_id')}" t-att-class="{'border-danger': missingFields.includes('partners')}">
                        <option value="">None</option>
                    <t t-foreach="pos.partners" t-as="partner" t-key="partner.id">
                            <option t-if="partner.id != props.partner.id" t-att-value="partner.id">
                                <t t-esc="partner.name" />
                            </option>
                        </t>
                </select>
            </div>
        </xpath>
    </t>
</templates>