<?xml version="1.0" encoding="UTF-8"?>
<templates id="template" xml:space="preserve">
    <t t-name="point_of_sale.LoyaltyDiscountPopup">
            <div class="popup popup-textinput w-75 mw-75 h-75 d-flex flex-column">
                <div class="modal-header">
                    <h4 class="modal-title"><t t-esc="props.title" /></h4>
                </div>
                <div class="modal-body">
                    <table class="partner-list table table-striped w-100">
                        <thead>
                            <tr>
                                <th class="py-2">Code</th>
                                <th class="py-2">Balance</th>
                                <th class="py-2">Expiration Date</th>
                                <th class="py-2">Program Name</th>
                                <th class="py-2">Program Type</th>
                                <th class="py-2">Partner</th>
                            </tr>
                        </thead>
                        <tbody class="partner-list-contents">
                            <t t-set="program_type" t-value="{'coupons': 'Coupons', 'gift_card': 'Gift Card', 'promotion': 'Promotions', 'promo_code': 'Discount Code', 'buy_x_get_y': 'Buy X Get Y', 'next_order_coupons': 'Next Order Coupons'}"/>
                            <t t-foreach="props.coupons" t-as="coupon" t-key="coupon.id">
                                <tr>
                                    <td><span t-out="coupon.code"/><button
                                        class="btn o_clipboard_button"
                                        t-on-click.stop="onClick"
                                        t-att-value="coupon.code"
                                    >
                                        <span class="fa fa-clipboard mx-1" />
                                    </button></td>
                                    <td><t t-out="coupon.points"/></td>
                                    <td><t t-out="coupon.expiration_date"/></td>
                                    <td><t t-out="coupon.program_id[1]"/></td>
                                    <td><t t-esc="program_type[coupon.program_type]"/></td>
                                    <td><t t-out="coupon.partner_id[1]"/></td>
                                </tr>
                            </t>
                        </tbody>
                    </table>
                </div>
                <div class="footer footer-flex modal-footer mt-auto">
                    <div class="button cancel btn btn-lg btn-secondary" t-on-click="cancel">
                        <t t-esc="props.cancelText" />
                    </div>
                </div>
            </div>
    </t>
</templates>