id,name,model_id:id,group_id:id,perm_read,perm_write,perm_create,perm_unlink
improve_hair_pos.access_referral_order,access_referral_order,improve_hair_pos.model_referral_order,base.group_user,1,1,1,0
improve_hair_pos.access_product_commission_line,access_product_commission_line,improve_hair_pos.model_product_commission_line,base.group_user,1,1,1,0
improve_hair_pos.access_product_commission_line_wizard,access_product_commission_line_wizard,improve_hair_pos.model_product_commission_line_wizard,base.group_user,1,1,1,1
improve_hair_pos.access_generate_cards,access_generate_cards,improve_hair_pos.model_generate_cards,base.group_user,1,1,1,1
improve_hair_pos.access_festival_coupons_wizard,access_festival_coupons_wizard,improve_hair_pos.model_festival_coupons_wizard,base.group_user,1,1,1,1
improve_hair_pos.access_festival_template,access_festival_template,improve_hair_pos.model_festival_template,base.group_user,1,1,1,1