<?xml version="1.0" encoding="UTF-8"?>
<templates id="template" xml:space="preserve">
    <t t-name="point_of_sale.ReferralPointsPopup">
            <div class="popup popup-textinput w-75 mw-75 h-75 d-flex flex-column">
                <div class="modal-header">
                    <h4 class="modal-title"><t t-esc="props.title" /></h4>
                </div>
                <div class="modal-body overflow-auto">
                    <t t-if="props.refpartners.length">
                        <t t-if="props.refpartners" t-foreach="props.refpartners" t-as="partner" t-key="partner">
                            <h4 class="text-start" t-out="partner"/>
                            <table class="partner-list table table-striped w-100">
                                <thead>
                                    <tr>
                                        <th class="py-2">Referral Source</th>
                                        <th class="py-2">Customer Name</th>
                                        <th class="py-2">Referal Points</th>
                                        <th class="py-2">Order Reference</th>
                                        <th class="py-2">Loyalty Card</th>
                                    </tr>
                                </thead>
                                <tbody class="partner-list-contents">
                                <t t-if="props.orders" t-foreach="props.orders" t-as="order"
                                t-key="order.id">
                                    <tr t-if="partner == order.customer_name['1']">
                                        <td><t t-out="order.referral_source['1']"/></td>
                                        <td><t t-out="order.customer_name['1']"/></td>
                                        <td><t t-out="order.referal_points"/></td>
                                        <td><t t-out="order.order_number" t-if="order.order_number"/></td>
                                        <td><t t-out="order.loyalty_id['1']"/></td>
                                    </tr>
                                </t>
                                </tbody>
                            </table>
                        </t>
                    </t>
                    <t t-else="">
                        <div class="container">
                            <div class="row justify-content-center align-items-center" style="padding-top:20%;">
                                <div class="col-md-6">
                                    <div class="alert alert-info text-center" role="alert">
                                        <svg xmlns="http://www.w3.org/2000/svg" width="24" height="24" fill="currentColor" class="bi bi-exclamation-triangle-fill" viewBox="0 0 16 16">
                                            <path d="M8.646 1.146a.5.5 0 0 0-.792 0L1.854 13.854a.5.5 0 0 0 .396.792h11.5a.5.5 0 0 0 .396-.792L8.646 1.146zM8 12a1 1 0 1 1 0-2 1 1 0 0 1 0 2zm.018-3a1 1 0 1 1-.036-2 1 1 0 0 1 .036 2z"/>
                                        </svg>
                                        <strong>Oops!</strong> There are no referral orders for <t t-esc="props.partner.name"/>.
                                    </div>
                                </div>
                            </div>
                        </div>
                    </t>
                    <t t-if="props.reverseRefPartner">
                        <h4 class="text-start" t-out="props.reverseRefPartner"/>
                        <table class="partner-list table table-striped w-100">
                            <thead>
                                <tr>
                                    <th class="py-2">Referral Source</th>
                                    <th class="py-2">Customer Name</th>
                                    <th class="py-2">Referal Points</th>
                                    <th class="py-2">Order Reference</th>
                                    <th class="py-2">Loyalty Card</th>
                                </tr>
                            </thead>
                            <tbody>
                                <t t-if="props.reverseOrder" t-foreach="props.reverseOrder" t-as="order"
                                t-key="order.id">
                                    <tr>
                                        <td><t t-out="order.referral_source"/></td>
                                        <td><t t-out="order.customer_name"/></td>
                                        <td><t t-out="order.referal_points"/></td>
                                        <td><t t-out="order.order_number"/></td>
                                        <td><t t-out="order.loyalty_id[1]"/></td>
                                    </tr>
                                </t>
                            </tbody>
                        </table>
                    </t>
                </div>
                <div class="footer footer-flex modal-footer mt-auto">
                    <div class="button cancel btn btn-lg btn-secondary" t-on-click="cancel">
                        <t t-esc="props.cancelText" />
                    </div>
                </div>
            </div>
    </t>
</templates>