<?xml version="1.0" encoding="UTF-8"?>
<templates id="template" xml:space="preserve">
    <t t-inherit="point_of_sale.PartnerListScreen" t-inherit-mode="extension">
        <xpath expr="//div[contains(@class,'top-right-buttons d-flex gap-2 w-100')]" position="inside">
            <div t-if="state.detailIsShown and state.editModeProps.partner.id" class="button more-info" invisible="not referralOrders">
                <button t-on-click="()=>this.goToReferral()" class="btn btn-lg btn-outline-secondary"> Referal
    Points </button>
            </div>
        </xpath>
    </t>

    <t t-inherit="point_of_sale.PartnerLine" t-inherit-mode="extension">
        <xpath expr="//button[contains(@class,'edit-partner-button')]" position="after">
            <button class="btn btn-light border" t-on-click.stop="() => this.open_coupons(props.partner)">COUPONS</button>
        </xpath>
    </t>
</templates>